snapshot_date,coin_id,coin_name,coin_symbol,avg_volume,max_volume,min_volume
2026-10-01,tether,Tether,usdt,64285244850.0,64285244850.0,64285244850.0
2026-10-01,bitcoin,Bitcoin,btc,33558195222.0,33558195222.0,33558195222.0
2026-10-01,usd-coin,USDC,usdc,20907900141.0,20907900141.0,20907900141.0
2026-10-01,ethereum,Ethereum,eth,14140441360.0,14140441360.0,14140441360.0
2026-10-01,solana,Solana,sol,3423262420.0,3423262420.0,3423262420.0
2026-10-01,ripple,XRP,xrp,2534730016.0,2534730016.0,2534730016.0
2026-10-01,near,NEAR Protocol,near,1371142995.0,1371142995.0,1371142995.0
2026-10-01,zcash,Zcash,zec,1043613007.0,1043613007.0,1043613007.0
2026-10-01,usd1-wlfi,USD1,usd1,938267170.0,938267170.0,938267170.0
2026-10-01,hyperliquid,Hyperliquid,hype,924802559.0,924802559.0,924802559.0
2026-10-01,global-dollar,Global Dollar,usdg,843138437.0,843138437.0,843138437.0
2026-10-01,sui,Sui,sui,786813224.0,786813224.0,786813224.0
2026-10-01,binancecoin,BNB,bnb,705409841.0,705409841.0,705409841.0
2026-10-01,uniswap,Uniswap,uni,691029762.0,691029762.0,691029762.0
2026-10-01,dogecoin,Dogecoin,doge,684866802.0,684866802.0,684866802.0
2026-10-01,avalanche-2,Avalanche,avax,523178271.0,523178271.0,523178271.0
2026-10-01,ethena,Ethena,ena,510565466.0,510565466.0,510565466.0
2026-10-01,cardano,Cardano,ada,500800839.0,500800839.0,500800839.0
2026-10-01,worldcoin-wld,Worldcoin,wld,489984655.0,489984655.0,489984655.0
2026-10-01,aave,Aave,aave,489127285.0,489127285.0,489127285.0
2026-10-01,quant-network,Quant,qnt,454651947.0,454651947.0,454651947.0
2026-10-01,chainlink,Chainlink,link,433065276.0,433065276.0,433065276.0
2026-10-01,tron,TRON,trx,427179808.0,427179808.0,427179808.0
2026-10-01,dai,Dai,dai,412815438.0,412815438.0,412815438.0
2026-10-01,pump-fun,Pump.fun,pump,322890420.0,322890420.0,322890420.0
2026-10-01,pepe,Pepe,pepe,318273753.0,318273753.0,318273753.0
2026-10-01,litecoin,Litecoin,ltc,318081642.0,318081642.0,318081642.0
2026-10-01,stellar,Stellar,xlm,252480794.0,252480794.0,252480794.0
2026-10-01,ondo-finance,Ondo,ondo,246227091.0,246227091.0,246227091.0
2026-10-01,bittensor,Bittensor,tao,213624703.0,213624703.0,213624703.0
2026-10-01,arbitrum,Arbitrum,arb,212908303.0,212908303.0,212908303.0
2026-10-01,hedera-hashgraph,Hedera,hbar,202957188.0,202957188.0,202957188.0
2026-10-01,ripple-usd,Ripple USD,rlusd,190815732.0,190815732.0,190815732.0
2026-10-01,tether-gold,Tether Gold,xaut,190794104.0,190794104.0,190794104.0
2026-10-01,usds,USDS,usds,190370503.0,190370503.0,190370503.0
2026-10-01,polkadot,Polkadot,dot,185458950.0,185458950.0,185458950.0
2026-10-01,bitcoin-cash,Bitcoin Cash,bch,169535725.0,169535725.0,169535725.0
2026-10-01,algorand,Algorand,algo,162262248.0,162262248.0,162262248.0
2026-10-01,filecoin,Filecoin,fil,139586938.0,139586938.0,139586938.0
2026-10-01,united-stables,United Stables,u,138608483.0,138608483.0,138608483.0
2026-10-01,aster-2,Aster,aster,124663435.0,124663435.0,124663435.0
2026-10-01,midnight-3,Midnight,night,116672147.0,116672147.0,116672147.0
2026-10-01,blockstack,Stacks,stx,112901834.0,112901834.0,112901834.0
2026-10-01,pax-gold,PAX Gold,paxg,110256961.0,110256961.0,110256961.0
2026-10-01,paypal-usd,PayPal USD,pyusd,109309224.0,109309224.0,109309224.0
2026-10-01,injective-protocol,Injective,inj,108952051.0,108952051.0,108952051.0
2026-10-01,monero,Monero,xmr,108482848.0,108482848.0,108482848.0
2026-10-01,whitebit,WhiteBIT Coin,wbt,105977961.0,105977961.0,105977961.0
2026-10-01,lighter,Lighter,lit,102961635.0,102961635.0,102961635.0
2026-10-01,dash,Dash,dash,98310004.0,98310004.0,98310004.0
2026-10-01,polygon-ecosystem-token,POL (ex-MATIC),pol,95824162.0,95824162.0,95824162.0
2026-10-01,shiba-inu,Shiba Inu,shib,82869439.0,82869439.0,82869439.0
2026-10-01,jupiter-exchange-solana,Jupiter,jup,75853290.0,75853290.0,75853290.0
2026-10-01,aptos,Aptos,apt,71073965.0,71073965.0,71073965.0
2026-10-01,ethereum-classic,Ethereum Classic,etc,65647455.0,65647455.0,65647455.0
2026-10-01,aerodrome-finance,Aerodrome Finance,aero,63277020.0,63277020.0,63277020.0
2026-10-01,pancakeswap-token,PancakeSwap,cake,62032754.0,62032754.0,62032754.0
2026-10-01,internet-computer,Internet Computer,icp,58722775.0,58722775.0,58722775.0
2026-10-01,htx-dao,HTX DAO,htx,58530601.0,58530601.0,58530601.0
2026-10-01,the-open-network,Gram (prev. Toncoin),gram,55977695.0,55977695.0,55977695.0
2026-10-01,render-token,Render,render,50582563.0,50582563.0,50582563.0
2026-10-01,ether-fi,Ether.fi,ethfi,47315760.0,47315760.0,47315760.0
2026-10-01,cosmos,Cosmos Hub,atom,44578468.0,44578468.0,44578468.0
2026-10-01,bitway,Bitway,btw,39638331.0,39638331.0,39638331.0
2026-10-01,world-liberty-financial,World Liberty Financial,wlfi,33975316.0,33975316.0,33975316.0
2026-10-01,venice-token,Venice Token,vvv,33274923.0,33274923.0,33274923.0
2026-10-01,mantle,Mantle,mnt,30656063.0,30656063.0,30656063.0
2026-10-01,just,JUST,jst,30571549.0,30571549.0,30571549.0
2026-10-01,usdgo,USDGO,usdgo,30294073.0,30294073.0,30294073.0
2026-10-01,ethena-usde,Ethena USDe,usde,29697198.0,29697198.0,29697198.0
2026-10-01,figure-heloc,Figure Heloc,figr_heloc,29393233.0,29393233.0,29393233.0
2026-10-01,morpho,Morpho,morpho,27908360.0,27908360.0,27908360.0
2026-10-01,rain,Rain,rain,21555906.0,21555906.0,21555906.0
2026-10-01,sky,Sky,sky,21220792.0,21220792.0,21220792.0
2026-10-01,kaspa,Kaspa,kas,20826375.0,20826375.0,20826375.0
2026-10-01,okb,OKB,okb,18428425.0,18428425.0,18428425.0
2026-10-01,canton-network,Canton,cc,17509078.0,17509078.0,17509078.0
2026-10-01,xdce-crowd-sale,XDC Network,xdc,16744944.0,16744944.0,16744944.0
2026-10-01,crypto-com-chain,Cronos,cro,16030411.0,16030411.0,16030411.0
2026-10-01,vechain,VeChain,vet,10476309.0,10476309.0,10476309.0
2026-10-01,bitget-token,Bitget Token,bgb,9796201.0,9796201.0,9796201.0
2026-10-01,akedo,Akedo,ake,8473695.0,8473695.0,8473695.0
2026-10-01,stable-2,​​Stable,stable,8173786.0,8173786.0,8173786.0
2026-10-01,pi-network,Pi Network,pi,8054653.0,8054653.0,8054653.0
2026-10-01,gho,GHO,gho,3980781.0,3980781.0,3980781.0
2026-10-01,nexo,NEXO,nexo,3244531.0,3244531.0,3244531.0
2026-10-01,kucoin-shares,KuCoin,kcs,3235354.0,3235354.0,3235354.0
2026-10-01,usdd,USDD,usdd,2883454.0,2883454.0,2883454.0
2026-10-01,gatechain-token,Gate,gt,2419175.0,2419175.0,2419175.0
2026-10-01,ondo-us-dollar-yield,Ondo US Dollar Yield,usdy,1977458.0,1977458.0,1977458.0
2026-10-01,bfusd,BFUSD,bfusd,1655159.0,1655159.0,1655159.0
2026-10-01,memecore,MemeCore,m,1163043.0,1163043.0,1163043.0
2026-10-01,leo-token,LEO Token,leo,577629.0,577629.0,577629.0
2026-10-01,falcon-finance,Falcon USD,usdf,356676.0,356676.0,356676.0
2026-10-01,blockchain-capital,Blockchain Capital,bcap,0.0,0.0,0.0
2026-10-01,eutbl,Spiko EU T-Bills Money Market Fund,eutbl,0.0,0.0,0.0
2026-10-01,hashnote-usyc,Circle USYC,usyc,0.0,0.0,0.0
2026-10-01,blackrock-usd-institutional-digital-liquidity-fund,BlackRock USD Institutional Digital Liquidity Fund,buidl,0.0,0.0,0.0
2026-10-01,spiko-amundi-overnight-swap-fund-eur,Spiko Amundi Overnight Swap Fund (EUR),eursafo,0.0,0.0,0.0
2026-10-01,superstate-short-duration-us-government-securities-fund-ustb,Invesco Short Duration US Government Securities Fund,ustb,0.0,0.0,0.0
