coin_id,coin_name,coin_symbol,market_rank,price_usd,market_cap_usd,volume_24h_usd,price_change_pct_24h,price_change_pct_7d,snapshot_date
bitcoin,Bitcoin,btc,1,83399.0,1675558146670.0,28856972032.0,-0.03261,-3.017,2026-09-29
ethereum,Ethereum,eth,2,2678.34,327025137095.0,15619638297.0,-0.04661,-2.2203,2026-09-29
tether,Tether,usdt,3,0.999731,183825099994.0,60743137703.0,0.00757,-0.0177,2026-09-29
binancecoin,BNB,bnb,4,756.13,100687281727.0,917006411.0,-0.84479,-3.5841,2026-09-29
ripple,XRP,xrp,5,1.49,93833206357.0,3794777872.0,-0.06531,-5.5857,2026-09-29
usd-coin,USDC,usdc,6,0.999899,74366803798.0,18057969487.0,0.00293,-0.0008,2026-09-29
solana,Solana,sol,7,118.63,69738856482.0,3694475161.0,0.31066,0.7961,2026-09-29
tron,TRON,trx,8,0.334772,31796015281.0,297016888.0,-0.27993,-1.8864,2026-09-29
zcash,Zcash,zec,9,1400.33,23746488101.0,1299853585.0,-3.97458,-7.5154,2026-09-29
figure-heloc,Figure Heloc,figr_heloc,10,1.002,23314723178.0,681590482.0,-4.61936,-3.8062,2026-09-29
hyperliquid,Hyperliquid,hype,11,85.85,19094794026.0,668540579.0,-1.76545,-10.5306,2026-09-29
dogecoin,Dogecoin,doge,12,0.09389,14657299090.0,787444777.0,0.24547,-5.8913,2026-09-29
chainlink,Chainlink,link,13,14.66,10964115584.0,946088958.0,-3.86475,13.2922,2026-09-29
monero,Monero,xmr,14,543.58,10225238827.0,113508375.0,0.54503,-4.4311,2026-09-29
usds,USDS,usds,15,0.999317,9916776084.0,163181828.0,-0.02522,-0.0664,2026-09-29
whitebit,WhiteBIT Coin,wbt,16,83.39,9911367761.0,118068891.0,-0.02205,-3.5339,2026-09-29
cardano,Cardano,ada,17,0.244039,9157275705.0,541127796.0,-0.56739,-2.7742,2026-09-29
rain,Rain,rain,18,0.0126885,8994660158.0,15679294.0,1.493,-3.4088,2026-09-29
leo-token,LEO Token,leo,19,9.05,8320613837.0,742135.0,0.51074,0.7515,2026-09-29
stellar,Stellar,xlm,20,0.222973,7809171300.0,492158365.0,-1.66295,3.5252,2026-09-29
near,NEAR Protocol,near,21,4.92,6424829918.0,1323615851.0,3.51469,14.6735,2026-09-29
bitcoin-cash,Bitcoin Cash,bch,22,308.15,6192712248.0,204497599.0,0.04733,-8.2048,2026-09-29
uniswap,Uniswap,uni,23,8.94,5544557124.0,886697067.0,2.5873,-2.4151,2026-09-29
litecoin,Litecoin,ltc,24,67.28,5224891318.0,401963418.0,-3.08054,7.33,2026-09-29
avalanche-2,Avalanche,avax,25,11.42,5060213009.0,1190825629.0,9.22401,4.3258,2026-09-29
canton-network,Canton,cc,26,0.12587,5000294834.0,31043617.0,-2.78441,10.659,2026-09-29
ethena-usde,Ethena USDe,usde,27,0.999805,4903774546.0,29597555.0,0.02185,-0.0025,2026-09-29
sui,Sui,sui,28,1.15,4719004298.0,1073568101.0,-0.31773,15.3707,2026-09-29
dai,Dai,dai,29,0.999978,4597149509.0,183584767.0,0.00776,-0.014,2026-09-29
hedera-hashgraph,Hedera,hbar,30,0.103718,4544133345.0,552018009.0,-16.94606,4.9398,2026-09-29
usd1-wlfi,USD1,usd1,31,0.999384,4415769697.0,896394116.0,0.0012,-0.0096,2026-09-29
the-open-network,Gram (prev. Toncoin),gram,32,1.49,4206825900.0,83259245.0,-5.67246,3.9846,2026-09-29
quant-network,Quant,qnt,33,268.14,3899745046.0,858989002.0,10.09242,274.239,2026-09-29
bitway,Bitway,btw,34,1.38,3725082693.0,37142975.0,29.58862,57.2748,2026-09-29
crypto-com-chain,Cronos,cro,35,0.068709,3418418315.0,21937526.0,-0.95461,2.6465,2026-09-29
bittensor,Bittensor,tao,36,301.66,3419836426.0,271961708.0,-1.27781,-2.4896,2026-09-29
shiba-inu,Shiba Inu,shib,37,5.75e-06,3389659028.0,108998535.0,1.6914,-4.9985,2026-09-29
tether-gold,Tether Gold,xaut,38,4178.3,3380137064.0,220742070.0,1.26194,-4.1396,2026-09-29
global-dollar,Global Dollar,usdg,39,1.0,3171062640.0,813671381.0,-0.00146,0.014,2026-09-29
paypal-usd,PayPal USD,pyusd,40,0.999731,2705645909.0,62681315.0,-0.00452,-0.0279,2026-09-29
pump-fun,Pump.fun,pump,41,0.00580308,2700902179.0,494997656.0,15.4356,32.9489,2026-09-29
aave,Aave,aave,42,166.43,2568946847.0,765024457.0,13.22422,15.2545,2026-09-29
okb,OKB,okb,43,120.8,2536713459.0,31043814.0,2.31273,-1.4695,2026-09-29
ripple-usd,Ripple USD,rlusd,44,1.0,2525547474.0,281144112.0,0.01031,0.001,2026-09-29
ethena,Ethena,ena,45,0.249566,2519477059.0,391502545.0,-3.03886,21.285,2026-09-29
ondo-finance,Ondo,ondo,46,0.507301,2470050871.0,385064654.0,-1.35223,16.5344,2026-09-29
hashnote-usyc,Circle USYC,usyc,47,1.14,2405770484.0,0.0,0.0093,0.0655,2026-09-29
memecore,MemeCore,m,48,1.041,2373774136.0,1246692.0,-11.22636,-19.6338,2026-09-29
ondo-us-dollar-yield,Ondo US Dollar Yield,usdy,49,1.15,2276212974.0,5289513.0,0.02298,0.0777,2026-09-29
blackrock-usd-institutional-digital-liquidity-fund,BlackRock USD Institutional Digital Liquidity Fund,buidl,50,1.0,2262756659.0,0.0,0.0,0.0,2026-09-29
mantle,Mantle,mnt,51,0.662961,2189262232.0,28927953.0,0.01515,0.4925,2026-09-29
polkadot,Polkadot,dot,52,1.19,2031342473.0,216079519.0,1.5425,1.49,2026-09-29
aster-2,Aster,aster,53,0.72435,1963204716.0,140253864.0,3.51303,0.1926,2026-09-29
sky,Sky,sky,54,0.082538,1933234030.0,35608199.0,5.68444,21.9321,2026-09-29
internet-computer,Internet Computer,icp,55,3.45,1920762475.0,193894833.0,14.2716,16.1192,2026-09-29
worldcoin-wld,Worldcoin,wld,56,0.489011,1879825959.0,353125647.0,0.77422,7.2426,2026-09-29
pax-gold,PAX Gold,paxg,57,4184.15,1821241009.0,150439274.0,1.2824,-3.9993,2026-09-29
world-liberty-financial,World Liberty Financial,wlfi,58,0.056629,1799629525.0,32260461.0,-0.13032,-1.7064,2026-09-29
pepe,Pepe,pepe,59,4.25e-06,1789248018.0,290929324.0,1.95587,-12.6217,2026-09-29
morpho,Morpho,morpho,60,2.45,1717360766.0,38614959.0,-2.43278,-5.8946,2026-09-29
usdd,USDD,usdd,61,0.998748,1533020997.0,2547617.0,0.06265,0.0532,2026-09-29
htx-dao,HTX DAO,htx,62,1.71e-06,1531871074.0,50445531.0,-1.14726,-1.4394,2026-09-29
united-stables,United Stables,u,63,0.99947,1496091166.0,135579538.0,-0.01704,0.0069,2026-09-29
spiko-amundi-overnight-swap-fund-eur,Spiko Amundi Overnight Swap Fund (EUR),eursafo,64,1.15,1483487391.0,0.0,-0.251,-0.8837,2026-09-29
ethereum-classic,Ethereum Classic,etc,65,9.11,1442551712.0,92108391.0,-1.24386,-1.1371,2026-09-29
arbitrum,Arbitrum,arb,66,0.206988,1404620399.0,309258271.0,3.08,-4.7905,2026-09-29
bitget-token,Bitget Token,bgb,67,1.98,1388217699.0,11351346.0,-0.9091,-5.4639,2026-09-29
falcon-finance,Falcon USD,usdf,68,0.996619,1372807728.0,327250.0,0.09673,0.0256,2026-09-29
bfusd,BFUSD,bfusd,69,0.999309,1319222731.0,1754591.0,0.04714,-0.0618,2026-09-29
venice-token,Venice Token,vvv,70,27.07,1306583914.0,45295047.0,-1.24181,-15.9082,2026-09-29
polygon-ecosystem-token,POL (ex-MATIC),pol,71,0.117457,1247716671.0,134275625.0,1.43956,8.5969,2026-09-29
kaspa,Kaspa,kas,72,0.04317167,1196880212.0,19013354.0,-4.17467,4.0731,2026-09-29
usdgo,USDGO,usdgo,73,1.0,1186881196.0,90099027.0,0.02726,0.0388,2026-09-29
gatechain-token,Gate,gt,74,10.78,1153024092.0,2395133.0,-1.30368,-2.5209,2026-09-29
algorand,Algorand,algo,75,0.125383,1135805498.0,150775681.0,-7.61131,14.2187,2026-09-29
lighter,Lighter,lit,76,4.47,1117447139.0,71495998.0,0.59093,-7.0128,2026-09-29
jupiter-exchange-solana,Jupiter,jup,77,0.327878,1088326891.0,116662799.0,0.63591,12.2808,2026-09-29
just,JUST,jst,78,0.128407,1051473719.0,30971758.0,-0.23447,12.8164,2026-09-29
kucoin-shares,KuCoin,kcs,79,7.44,1020020208.0,3915487.0,0.89156,0.69,2026-09-29
pi-network,Pi Network,pi,80,0.09032,1015484762.0,5908625.0,1.79072,1.085,2026-09-29
render-token,Render,render,81,1.92,998302146.0,71581083.0,0.56924,5.7358,2026-09-29
blockchain-capital,Blockchain Capital,bcap,82,107.53,979825296.0,0.0,0.0,0.0,2026-09-29
cosmos,Cosmos Hub,atom,83,1.73,921990743.0,73864752.0,-0.12099,-3.1483,2026-09-29
filecoin,Filecoin,fil,84,1.081,898252089.0,142939608.0,3.82879,7.9116,2026-09-29
nexo,NEXO,nexo,85,0.845962,846120619.0,5957460.0,-0.82044,-3.7761,2026-09-29
pancakeswap-token,PancakeSwap,cake,86,2.56,845503964.0,73876384.0,-0.52881,0.2547,2026-09-29
aerodrome-finance,Aerodrome Finance,aero,87,0.812054,808559992.0,73284418.0,-1.0708,20.0623,2026-09-29
dash,Dash,dash,88,60.96,783229226.0,167987668.0,-5.21726,-2.8021,2026-09-29
superstate-short-duration-us-government-securities-fund-ustb,Invesco Short Duration US Government Securities Fund,ustb,89,11.23,772734274.0,0.0,0.02962,0.069,2026-09-29
stable-2,​​Stable,stable,90,0.0287768,770276407.0,11037494.0,1.02985,18.8571,2026-09-29
injective-protocol,Injective,inj,91,7.7,769631709.0,133509203.0,5.32386,-0.617,2026-09-29
vechain,VeChain,vet,92,0.00883248,759325130.0,11646046.0,0.97086,-4.4557,2026-09-29
ether-fi,Ether.fi,ethfi,93,0.772701,745761945.0,112501395.0,10.24747,13.7032,2026-09-29
eutbl,Spiko EU T-Bills Money Market Fund,eutbl,94,1.2,705078382.0,0.0,-0.24982,-0.8883,2026-09-29
akedo,Akedo,ake,95,0.03065104,698609259.0,9671035.0,-3.19849,-39.8408,2026-09-29
gho,GHO,gho,96,0.9993,698512230.0,6566897.0,0.00715,0.0189,2026-09-29
aptos,Aptos,apt,97,0.796486,693711098.0,94277315.0,-2.85344,1.6989,2026-09-29
xdce-crowd-sale,XDC Network,xdc,98,0.03318947,662003447.0,25323371.0,-2.61745,5.3617,2026-09-29
flare-networks,Flare,flr,99,0.00749872,652355759.0,6492866.0,5.0601,4.683,2026-09-29
pyth-network,Pyth Network,pyth,100,0.079775,628100428.0,36574162.0,-0.90132,21.4126,2026-09-29
