coin_id,coin_name,coin_symbol,price_usd,price_change_pct_24h,category,rank_position,snapshot_date
sky,Sky,sky,0.094692,18.43079,gainer,1,2026-10-02
worldcoin-wld,Worldcoin,wld,0.573536,17.78887,gainer,2,2026-10-02
midnight-3,Midnight,night,0.04752536,16.95598,gainer,3,2026-10-02
layerzero,LayerZero,zro,1.94,12.27235,gainer,4,2026-10-02
aave,Aave,aave,183.66,10.08619,gainer,5,2026-10-02
venice-token,Venice Token,vvv,29.38,9.29305,gainer,6,2026-10-02
aptos,Aptos,apt,0.827437,8.4795,gainer,7,2026-10-02
akedo,Akedo,ake,0.03370605,8.14816,gainer,8,2026-10-02
morpho,Morpho,morpho,2.62,5.99104,gainer,9,2026-10-02
pump-fun,Pump.fun,pump,0.00591769,5.81485,gainer,10,2026-10-02
quant-network,Quant,qnt,248.38,-5.39629,loser,1,2026-10-02
blockstack,Stacks,stx,0.36277,-5.32925,loser,2,2026-10-02
lighter,Lighter,lit,3.7,-5.24145,loser,3,2026-10-02
rain,Rain,rain,0.01143586,-5.21599,loser,4,2026-10-02
just,JUST,jst,0.128965,-3.51949,loser,5,2026-10-02
mantle,Mantle,mnt,0.666091,-1.98547,loser,6,2026-10-02
ethena,Ethena,ena,0.242346,-1.81878,loser,7,2026-10-02
near,NEAR Protocol,near,4.81,-0.7136,loser,8,2026-10-02
pancakeswap-token,PancakeSwap,cake,2.56,-0.61374,loser,9,2026-10-02
pax-gold,PAX Gold,paxg,4148.25,-0.54768,loser,10,2026-10-02
